Insert into TEMPLEADO (CODIGO,TIP_DOCUMENTO,NUM_DOCUMENTO,PRI_NOMBRE,SEG_NOMBRE,PRI_APELLIDO,SEG_APELLIDO,FECH_NACIMIENTO,GENERO,INICIALES,FECH_INGRESO,EMAIL,FOTO,USUARIO,PASSWORD,ACTIVO,ROL) values ('0','CC','123456','PRIMO'  ,'ANTONIO','RENTERIA','DIAZ',to_date('12/04/01','DD/MM/RR'),'M','PARD',to_date('20/11/13','DD/MM/RR'),'antonio.renteria@ocu.com.co','','antonio.renteria','$2a$10$zNwLeC/fH./6/SHXnCCb9.s9Ft0CWKqWQBjt44WfOnnON0X7JMFSm','S','ROLE_ADMIN');
/*Insert into TEMPLEADO (CODIGO,TIP_DOCUMENTO,NUM_DOCUMENTO,PRI_NOMBRE,SEG_NOMBRE,PRI_APELLIDO,SEG_APELLIDO,FECH_NACIMIENTO,GENERO,INICIALES,FECH_INGRESO,EMAIL,FOTO,USUARIO,PASSWORD,ACTIVO,ROL) values ('14','CC','654334','ANDRES' ,'JUAN'  ,'LOPEZ'   ,'MARIN',to_date('05/07/98','DD/MM/RR'),'M','AJLM',to_date('10/05/17','DD/MM/RR'),'andres.lopez@ocu.com.co','','andres.lopez','$2a$10$KxBliaZh1wowl7MZzcyxw.JMVvElHGbqR/nD2EaEQiSiCc2ETQo06','S','ROLE_USEREMP');*/
/*Insert into TEMPLEADO (CODIGO,TIP_DOCUMENTO,NUM_DOCUMENTO,PRI_NOMBRE,SEG_NOMBRE,PRI_APELLIDO,SEG_APELLIDO,FECH_NACIMIENTO,GENERO,INICIALES,FECH_INGRESO,EMAIL,FOTO,USUARIO,PASSWORD,ACTIVO,ROL) values ('15','CC','789021','CARLOS' ,'ANDRES' ,'GOMEZ'   ,'LOPEZ',to_date('10/03/00','DD/MM/RR'),'M','CAGL',to_date('01/02/03','DD/MM/RR'),'carlos.gomez@ocu.com.co','','carlos.gomez','$2a$10$vYnQ3cYGcfNDGaHPqjkXG..pDgBgsqCPxdm6x1lOGNvHFHY7ud8VK','S','ROLE_ADMIN');*/
/*Insert into TEMPLEADO (CODIGO,TIP_DOCUMENTO,NUM_DOCUMENTO,PRI_NOMBRE,SEG_NOMBRE,PRI_APELLIDO,SEG_APELLIDO,FECH_NACIMIENTO,GENERO,INICIALES,FECH_INGRESO,EMAIL,FOTO,USUARIO,PASSWORD,ACTIVO,ROL) values ('16','CC','789165','CARLOS1','ANDRES1','GOMEZ1'  ,'LOPEZ1',to_date('10/03/00','DD/MM/RR'),'M','CAGL',to_date('01/02/03','DD/MM/RR'),'carlos0.gomez0@ocu.com.co','','carlos0.gomez0','$2a$10$vDTIMAGjQsHxgdhnyLQwBeP2IdhLgDmzyIeVlLlnpLDqm2DdtrdE2','S','ROLE_USEREMP');*/
/*Insert into TEMPLEADO (CODIGO,TIP_DOCUMENTO,NUM_DOCUMENTO,PRI_NOMBRE,SEG_NOMBRE,PRI_APELLIDO,SEG_APELLIDO,FECH_NACIMIENTO,GENERO,INICIALES,FECH_INGRESO,EMAIL,FOTO,USUARIO,PASSWORD,ACTIVO,ROL) values ('17','CC','789276','CARLOS2','ANDRES2','GOMEZ2','LOPEZ2',to_date('10/03/00','DD/MM/RR'),'M','CAGL',to_date('01/02/03','DD/MM/RR'),'carlos2.gomez2@ocu.com.co','','carlos2.gomez2','$2a$10$YJQQzMtrkp8UnP9HkaxLUO5keC3PbBvXgRwZ5NH.1F3v76WRF5vB2','S'),'ROLE_USEREMP';*/
/*Insert into TEMPLEADO (CODIGO,TIP_DOCUMENTO,NUM_DOCUMENTO,PRI_NOMBRE,SEG_NOMBRE,PRI_APELLIDO,SEG_APELLIDO,FECH_NACIMIENTO,GENERO,INICIALES,FECH_INGRESO,EMAIL,FOTO,USUARIO,PASSWORD,ACTIVO,ROL) values ('18','CC','789398','CARLOS3','ANDRES3','GOMEZ3','LOPEZ3',to_date('10/03/00','DD/MM/RR'),'M','CAGL',to_date('01/02/03','DD/MM/RR'),'carlos3.gomez3@ocu.com.co','','carlos3.gomez3','$2a$10$Ju.9ee2TfURcQ0De3UdmB.i.M1ntwnmyD1dfmJ3bPeARFjcdIog46','S','ROLE_USEREMP');*/
/*Insert into TEMPLEADO (CODIGO,TIP_DOCUMENTO,NUM_DOCUMENTO,PRI_NOMBRE,SEG_NOMBRE,PRI_APELLIDO,SEG_APELLIDO,FECH_NACIMIENTO,GENERO,INICIALES,FECH_INGRESO,EMAIL,FOTO,USUARIO,PASSWORD,ACTIVO,ROL) values ('19','CC','789435','CARLOS4','ANDRES4','GOMEZ4','LOPEZ4',to_date('10/03/00','DD/MM/RR'),'M','CAGL',to_date('01/02/03','DD/MM/RR'),'carlos4.gomez4@ocu.com.co','','carlos4.gomez4','$2a$10$KF9EDZmIZD0QyvdDiyflpOPOc.I/X/zJJdlM6kuF1XoaQyMmDMVg6','S','ROLE_USEREMP');*/
/*Insert into TEMPLEADO (CODIGO,TIP_DOCUMENTO,NUM_DOCUMENTO,PRI_NOMBRE,SEG_NOMBRE,PRI_APELLIDO,SEG_APELLIDO,FECH_NACIMIENTO,GENERO,INICIALES,FECH_INGRESO,EMAIL,FOTO,USUARIO,PASSWORD,ACTIVO,ROL) values ('20','CC','789586','CARLOS5','ANDRES5','GOMEZ5','LOPEZ5',to_date('10/03/00','DD/MM/RR'),'M','CAGL',to_date('01/02/03','DD/MM/RR'),'carlos5.gomez5@ocu.com.co','','carlos5.gomez5','$2a$10$mZhMD5lrKSfTRuFChHybkug8vzKwy/RbnyiXerzsbat7rKdGRLqEC','S','ROLE_USEREMP');*/
/*Insert into TEMPLEADO (CODIGO,TIP_DOCUMENTO,NUM_DOCUMENTO,PRI_NOMBRE,SEG_NOMBRE,PRI_APELLIDO,SEG_APELLIDO,FECH_NACIMIENTO,GENERO,INICIALES,FECH_INGRESO,EMAIL,FOTO,USUARIO,PASSWORD,ACTIVO,ROL) values ('21','CC','789698','CARLOS6','ANDRES6','GOMEZ6','LOPEZ6',to_date('10/03/00','DD/MM/RR'),'M','CAGL',to_date('01/02/03','DD/MM/RR'),'carlos6.gomez6@ocu.com.co','','carlos6.gomez6','$2a$10$RIMhE3PdEm7Q3iJAus52Bu9peRgdqoZBgvlLRhGSgG.ic1B.JwcVW','S','ROLE_USEREMP');*/
/*Insert into TEMPLEADO (CODIGO,TIP_DOCUMENTO,NUM_DOCUMENTO,PRI_NOMBRE,SEG_NOMBRE,PRI_APELLIDO,SEG_APELLIDO,FECH_NACIMIENTO,GENERO,INICIALES,FECH_INGRESO,EMAIL,FOTO,USUARIO,PASSWORD,ACTIVO,ROL) values ('22','CC','789709','CARLOS7','ANDRES7','GOMEZ7','LOPEZ7',to_date('10/03/00','DD/MM/RR'),'M','CAGL',to_date('01/02/03','DD/MM/RR'),'carlos7.gomez7@ocu.com.co','','carlos7.gomez7','$2a$10$eg9iUyLxzlbZsYh.HsGynuqtfDoPeqNeyoxnWAtIVvcuUH7Y8OMaS','S','ROLE_USEREMP');*/
/*Insert into TEMPLEADO (CODIGO,TIP_DOCUMENTO,NUM_DOCUMENTO,PRI_NOMBRE,SEG_NOMBRE,PRI_APELLIDO,SEG_APELLIDO,FECH_NACIMIENTO,GENERO,INICIALES,FECH_INGRESO,EMAIL,FOTO,USUARIO,PASSWORD,ACTIVO,ROL) values ('23','CC','789812','CARLOS8','ANDRES8','GOMEZ8','LOPEZ8',to_date('10/03/00','DD/MM/RR'),'M','CAGL',to_date('01/02/03','DD/MM/RR'),'carlos8.gomez8@ocu.com.co','','carlos8.gomez8','$2a$10$ZRzo9fDNPilyERqnPW8p2uBpAcPgr8o7L.8OahQBOnWYxOfLMYRC6','N','ROLE_USEREMP');*/
/*Insert into TEMPLEADO (CODIGO,TIP_DOCUMENTO,NUM_DOCUMENTO,PRI_NOMBRE,SEG_NOMBRE,PRI_APELLIDO,SEG_APELLIDO,FECH_NACIMIENTO,GENERO,INICIALES,FECH_INGRESO,EMAIL,FOTO,USUARIO,PASSWORD,ACTIVO,ROL) values ('24','CC','admin','NOMBRE1_ADMIN','NOMBRE2_ADMIN','APELLIDO1_ADMIN','APELLIDO2_ADMIN',to_date('12/07/18','DD/MM/RR'),'M','ADMI',to_date('12/07/18','DD/MM/RR'),'admin@ocu.com.co','','admin','$2a$10$p6iwD8tWP3DpMnFyHqJrIuq2FgcK2pqhICd0HIy8HM0EbrQV1u4Ty','S','ROLE_ADMIN');*/

/*Insert into TSOLICITUD (EMPLEADO_CODIGO,CODIGO,CODIGO_EMP_APRUEBA,CODIGO_EMP_SOLICITA,DIAS_DISFRUTADOS,DIAS_POR_DISFRUTAR,DIAS_TOTAL_GENERAL,DIAS_TOTAL_PERIODO,DIAS_SOLICITADOS,DIAS_PENDIENTES,DIAS_ACOMU_PENDIENTES,EST_SOL_CODIGO,FECH_APROBACION,FECH_FIN,FECH_INI,FECH_REINGRESO,FECH_SALIDA,FECH_SOLICITUD,HORAS_TOTAL_SALIDA,OBSERVACION,TIP_SOL_CODIGO) values (13,13,14,13,0,15,15,15,14,1,0,'A',to_date('30/10/2013','DD/MM/yyyy'),to_date('20/11/2014','DD/MM/yyyy'),to_date('20/11/2013','DD/MM/yyyy'),to_date('27/12/2013','DD/MM/yyyy'),to_date('30/11/2013','DD/MM/yyyy'),to_date('01/10/2013','DD/MM/yyyy'),0,'ninguna',1);*/
/*Insert into TSOLICITUD (EMPLEADO_CODIGO,CODIGO,CODIGO_EMP_APRUEBA,CODIGO_EMP_SOLICITA,DIAS_DISFRUTADOS,DIAS_POR_DISFRUTAR,DIAS_TOTAL_GENERAL,DIAS_TOTAL_PERIODO,DIAS_SOLICITADOS,DIAS_PENDIENTES,DIAS_ACOMU_PENDIENTES,EST_SOL_CODIGO,FECH_APROBACION,FECH_FIN,FECH_INI,FECH_REINGRESO,FECH_SALIDA,FECH_SOLICITUD,HORAS_TOTAL_SALIDA,OBSERVACION,TIP_SOL_CODIGO) values (13,14,14,13,14,16,30,15,11,4,1,'A',to_date('30/10/2014','DD/MM/yyyy'),to_date('20/11/2015','DD/MM/yyyy'),to_date('20/11/2014','DD/MM/yyyy'),to_date('27/12/2014','DD/MM/yyyy'),to_date('30/11/2014','DD/MM/yyyy'),to_date('01/10/2014','DD/MM/yyyy'),0,'ninguna',1);*/
/*Insert into TSOLICITUD (EMPLEADO_CODIGO,CODIGO,CODIGO_EMP_APRUEBA,CODIGO_EMP_SOLICITA,DIAS_DISFRUTADOS,DIAS_POR_DISFRUTAR,DIAS_TOTAL_GENERAL,DIAS_TOTAL_PERIODO,DIAS_SOLICITADOS,DIAS_PENDIENTES,DIAS_ACOMU_PENDIENTES,EST_SOL_CODIGO,FECH_APROBACION,FECH_FIN,FECH_INI,FECH_REINGRESO,FECH_SALIDA,FECH_SOLICITUD,HORAS_TOTAL_SALIDA,OBSERVACION,TIP_SOL_CODIGO) values (13,15,14,13,25,20,45,15,9,6,5,'A',to_date('30/10/2015','DD/MM/yyyy'),to_date('20/11/2016','DD/MM/yyyy'),to_date('20/11/2015','DD/MM/yyyy'),to_date('27/12/2015','DD/MM/yyyy'),to_date('30/11/2015','DD/MM/yyyy'),to_date('01/10/2015','DD/MM/yyyy'),0,'ninguna',1);*/
/*Insert into TSOLICITUD (EMPLEADO_CODIGO,CODIGO,CODIGO_EMP_APRUEBA,CODIGO_EMP_SOLICITA,DIAS_DISFRUTADOS,DIAS_POR_DISFRUTAR,DIAS_TOTAL_GENERAL,DIAS_TOTAL_PERIODO,DIAS_SOLICITADOS,DIAS_PENDIENTES,DIAS_ACOMU_PENDIENTES,EST_SOL_CODIGO,FECH_APROBACION,FECH_FIN,FECH_INI,FECH_REINGRESO,FECH_SALIDA,FECH_SOLICITUD,HORAS_TOTAL_SALIDA,OBSERVACION,TIP_SOL_CODIGO) values (13,16,14,13,34,26,60,15,10,5,11,'A',to_date('30/10/2016','DD/MM/yyyy'),to_date('20/11/2017','DD/MM/yyyy'),to_date('20/11/2016','DD/MM/yyyy'),to_date('27/12/2016','DD/MM/yyyy'),to_date('30/11/2016','DD/MM/yyyy'),to_date('01/10/2016','DD/MM/yyyy'),0,'ninguna',1);*/
/*Insert into TSOLICITUD (EMPLEADO_CODIGO,CODIGO,CODIGO_EMP_APRUEBA,CODIGO_EMP_SOLICITA,DIAS_DISFRUTADOS,DIAS_POR_DISFRUTAR,DIAS_TOTAL_GENERAL,DIAS_TOTAL_PERIODO,DIAS_SOLICITADOS,DIAS_PENDIENTES,DIAS_ACOMU_PENDIENTES,EST_SOL_CODIGO,FECH_APROBACION,FECH_FIN,FECH_INI,FECH_REINGRESO,FECH_SALIDA,FECH_SOLICITUD,HORAS_TOTAL_SALIDA,OBSERVACION,TIP_SOL_CODIGO) values (13,17,14,13,51,11,61,1,7,-6,10,'A',to_date('30/10/2017','DD/MM/yyyy'),to_date('20/11/2018','DD/MM/yyyy'),to_date('20/11/2017','DD/MM/yyyy'),to_date('12/01/2018','DD/MM/yyyy'),to_date('03/01/2018','DD/MM/yyyy'),to_date('21/12/2017','DD/MM/yyyy'),0,'ninguna',1);*/
/*Insert into TSOLICITUD (EMPLEADO_CODIGO,CODIGO,CODIGO_EMP_APRUEBA,CODIGO_EMP_SOLICITA,DIAS_DISFRUTADOS,DIAS_POR_DISFRUTAR,DIAS_TOTAL_GENERAL,DIAS_TOTAL_PERIODO,DIAS_SOLICITADOS,DIAS_PENDIENTES,DIAS_ACOMU_PENDIENTES,EST_SOL_CODIGO,FECH_APROBACION,FECH_FIN,FECH_INI,FECH_REINGRESO,FECH_SALIDA,FECH_SOLICITUD,HORAS_TOTAL_SALIDA,OBSERVACION,TIP_SOL_CODIGO) values (13,18,14,13,52,11,62,1,1,0,10,'A',to_date('30/10/2017','DD/MM/yyyy'),to_date('20/11/2018','DD/MM/yyyy'),to_date('20/11/2017','DD/MM/yyyy'),to_date('16/01/2018','DD/MM/yyyy'),to_date('15/01/2018','DD/MM/yyyy'),to_date('15/01/2018','DD/MM/yyyy'),0,'ninguna',1);*/
/*Insert into TSOLICITUD (EMPLEADO_CODIGO,CODIGO,CODIGO_EMP_APRUEBA,CODIGO_EMP_SOLICITA,DIAS_DISFRUTADOS,DIAS_POR_DISFRUTAR,DIAS_TOTAL_GENERAL,DIAS_TOTAL_PERIODO,DIAS_SOLICITADOS,DIAS_PENDIENTES,DIAS_ACOMU_PENDIENTES,EST_SOL_CODIGO,FECH_APROBACION,FECH_FIN,FECH_INI,FECH_REINGRESO,FECH_SALIDA,FECH_SOLICITUD,HORAS_TOTAL_SALIDA,OBSERVACION,TIP_SOL_CODIGO) values (13,19,14,13,53,19,67,5,1,4,14,'A',to_date('30/10/2017','DD/MM/yyyy'),to_date('20/11/2018','DD/MM/yyyy'),to_date('20/11/2017','DD/MM/yyyy'),to_date('02/05/2018','DD/MM/yyyy'),to_date('30/04/2018','DD/MM/yyyy'),to_date('27/04/2018','DD/MM/yyyy'),0,'ninguna',1);*/
/*Insert into TSOLICITUD (EMPLEADO_CODIGO,CODIGO,CODIGO_EMP_APRUEBA,CODIGO_EMP_SOLICITA,DIAS_DISFRUTADOS,DIAS_POR_DISFRUTAR,DIAS_TOTAL_GENERAL,DIAS_TOTAL_PERIODO,DIAS_SOLICITADOS,DIAS_PENDIENTES,DIAS_ACOMU_PENDIENTES,EST_SOL_CODIGO,FECH_APROBACION,FECH_FIN,FECH_INI,FECH_REINGRESO,FECH_SALIDA,FECH_SOLICITUD,HORAS_TOTAL_SALIDA,OBSERVACION,TIP_SOL_CODIGO) values (17,20,15,17,53,14,67,15,2,6,29,'A',to_date('30/04/2018','DD/MM/yyyy'),to_date('15/01/2018','DD/MM/yyyy'),to_date('15/01/2018','DD/MM/yyyy'),to_date('17/01/2018','DD/MM/yyyy'),to_date('17/01/2018','DD/MM/yyyy'),to_date('17/01/2018','DD/MM/yyyy'),0,'ninguna',1);*/
/*Insert into TSOLICITUD (EMPLEADO_CODIGO,CODIGO,CODIGO_EMP_APRUEBA,CODIGO_EMP_SOLICITA,DIAS_DISFRUTADOS,DIAS_POR_DISFRUTAR,DIAS_TOTAL_GENERAL,DIAS_TOTAL_PERIODO,DIAS_SOLICITADOS,DIAS_PENDIENTES,DIAS_ACOMU_PENDIENTES,EST_SOL_CODIGO,FECH_APROBACION,FECH_FIN,FECH_INI,FECH_REINGRESO,FECH_SALIDA,FECH_SOLICITUD,HORAS_TOTAL_SALIDA,OBSERVACION,TIP_SOL_CODIGO) values (17,21,15,17,53,14,67,15,4,6,29,'A',to_date('30/04/2018','DD/MM/yyyy'),to_date('15/01/2018','DD/MM/yyyy'),to_date('15/01/2018','DD/MM/yyyy'),to_date('17/01/2018','DD/MM/yyyy'),to_date('17/01/2018','DD/MM/yyyy'),to_date('17/01/2018','DD/MM/yyyy'),0,'ninguna',1);*/
/*Insert into TSOLICITUD (EMPLEADO_CODIGO,CODIGO,CODIGO_EMP_APRUEBA,CODIGO_EMP_SOLICITA,DIAS_DISFRUTADOS,DIAS_POR_DISFRUTAR,DIAS_TOTAL_GENERAL,DIAS_TOTAL_PERIODO,DIAS_SOLICITADOS,DIAS_PENDIENTES,DIAS_ACOMU_PENDIENTES,EST_SOL_CODIGO,FECH_APROBACION,FECH_FIN,FECH_INI,FECH_REINGRESO,FECH_SALIDA,FECH_SOLICITUD,HORAS_TOTAL_SALIDA,OBSERVACION,TIP_SOL_CODIGO) values (15,22,15,15,53,14,67,15,7,6,29,'E',to_date('30/04/2018','DD/MM/yyyy'),to_date('15/01/2018','DD/MM/yyyy'),to_date('15/01/2018','DD/MM/yyyy'),to_date('17/01/2018','DD/MM/yyyy'),to_date('17/01/2018','DD/MM/yyyy'),to_date('17/01/2018','DD/MM/yyyy'),0,'ninguna',1);*/
/*Insert into TSOLICITUD (EMPLEADO_CODIGO,CODIGO,CODIGO_EMP_APRUEBA,CODIGO_EMP_SOLICITA,DIAS_DISFRUTADOS,DIAS_POR_DISFRUTAR,DIAS_TOTAL_GENERAL,DIAS_TOTAL_PERIODO,DIAS_SOLICITADOS,DIAS_PENDIENTES,DIAS_ACOMU_PENDIENTES,EST_SOL_CODIGO,FECH_APROBACION,FECH_FIN,FECH_INI,FECH_REINGRESO,FECH_SALIDA,FECH_SOLICITUD,HORAS_TOTAL_SALIDA,OBSERVACION,TIP_SOL_CODIGO) values (16,23,16,16,53,14,67,15,8,6,29,'E',to_date('30/04/2018','DD/MM/yyyy'),to_date('15/01/2018','DD/MM/yyyy'),to_date('15/01/2018','DD/MM/yyyy'),to_date('17/01/2018','DD/MM/yyyy'),to_date('17/01/2018','DD/MM/yyyy'),to_date('17/01/2018','DD/MM/yyyy'),0,'ninguna',1);*/
/*Insert into TSOLICITUD (CODIGO,CODIGO_EMP_APRUEBA,CODIGO_EMP_SOLICITA,DIAS_DISFRUTADOS,DIAS_POR_DISFRUTAR,DIAS_TOTAL_GENERAL,DIAS_TOTAL_PERIODO,DIAS_SOLICITADOS,DIAS_PENDIENTES,DIAS_ACOMU_PENDIENTES,EST_SOL_CODIGO,FECH_APROBACION,FECH_FIN,FECH_INI,FECH_REINGRESO,FECH_SALIDA,FECH_SOLICITUD,HORAS_TOTAL_SALIDA,OBSERVACION,TIP_SOL_CODIGO) values (24,16,13,53,14,67,15,14,6,29,'E',to_date('30/04/2018','DD/MM/yyyy'),to_date('15/01/2018','DD/MM/yyyy'),to_date('15/01/2018','DD/MM/yyyy'),to_date('17/01/2018','DD/MM/yyyy'),to_date('17/01/2018','DD/MM/yyyy'),to_date('17/01/2018','DD/MM/yyyy'),0,'ninguna',1);*/


Insert into TROLE (CODIGO,ROL_CODIGO,DESCRIPCION,ACTIVO,FECHA_CREACION) values (0,'ROLE_ADMIN','Control total del sistema.','S',to_date('10/03/2013','DD/MM/YYYY'));
Insert into TROLE (CODIGO,ROL_CODIGO,DESCRIPCION,ACTIVO,FECHA_CREACION) values (1,'ROLE_USEREMPJEF','Empleado jefe autoriza, crea y consulta solicitudes.','S',to_date('10/03/2013','DD/MM/YYYY'));
Insert into TROLE (CODIGO,ROL_CODIGO,DESCRIPCION,ACTIVO,FECHA_CREACION) values (2,'ROLE_USEREMP','Empleado crear solicitudes y consulta.','S',to_date('10/03/2013','DD/MM/YYYY'));


/*Insert into TCARGO (CODIGO,DESCRIPCION,ACTIVO,FECHA_CREACION, ES_JEFE, DEPTO_CODIGO) values (10,'Programador I','S',to_date('10/03/2013','DD/MM/YYYY'),'N',14);*/
/*Insert into TCARGO (CODIGO,DESCRIPCION,ACTIVO,FECHA_CREACION, ES_JEFE, DEPTO_CODIGO) values (11,'Programador II','S',to_date('10/03/2013','DD/MM/YYYY'),'N',14);*/
/*Insert into TCARGO (CODIGO,DESCRIPCION,ACTIVO,FECHA_CREACION, ES_JEFE, DEPTO_CODIGO) values (12,'Programador III','S',to_date('10/03/2013','DD/MM/YYYY'),'N',14);*/
/*Insert into TCARGO (CODIGO,DESCRIPCION,ACTIVO,FECHA_CREACION, ES_JEFE, DEPTO_CODIGO) values (13,'Consultor I','S',to_date('10/03/2013','DD/MM/YYYY'),'N',10);*/
/*Insert into TCARGO (CODIGO,DESCRIPCION,ACTIVO,FECHA_CREACION, ES_JEFE, DEPTO_CODIGO) values (14,'Consultor II','S',to_date('10/03/2013','DD/MM/YYYY'),'N',10);*/
/*Insert into TCARGO (CODIGO,DESCRIPCION,ACTIVO,FECHA_CREACION, ES_JEFE, DEPTO_CODIGO) values (15,'Consultor III','S',to_date('10/03/2013','DD/MM/YYYY'),'N',10);*/
/*Insert into TCARGO (CODIGO,DESCRIPCION,ACTIVO,FECHA_CREACION, ES_JEFE, DEPTO_CODIGO) values (16,'Gerente','S',to_date('10/03/2013','DD/MM/YYYY'),'S',10);*/

/*Insert into TDEPARTAMENTO (CODIGO,DESCRIPCION,ACTIVO,FECHA_CREACION) values (10,'UXXI-AC','S',to_date('10/03/2013','DD/MM/YYYY'));*/
/*Insert into TDEPARTAMENTO (CODIGO,DESCRIPCION,ACTIVO,FECHA_CREACION) values (11,'SISTEMAS','S',to_date('10/03/2013','DD/MM/YYYY'));*/
/*Insert into TDEPARTAMENTO (CODIGO,DESCRIPCION,ACTIVO,FECHA_CREACION) values (12,'ADMINISTRATIVO','S',to_date('10/03/2013','DD/MM/YYYY'));*/
/*Insert into TDEPARTAMENTO (CODIGO,DESCRIPCION,ACTIVO,FECHA_CREACION) values (13,'IMPLANTACION','S',to_date('10/03/2013','DD/MM/YYYY'));*/
/*Insert into TDEPARTAMENTO (CODIGO,DESCRIPCION,ACTIVO,FECHA_CREACION) values (14,'DESARROLLO','S',to_date('10/03/2013','DD/MM/YYYY'));*/

/*Insert into TDETEMPLEADOCARGO (CODIGO,CARGO_CODIGO,EMP_CODIGO,FECH_INGRESO,FECH_FIN,FECH_REGISTRO) values (10,10,0,to_date('10/03/2013','DD/MM/YYYY'),to_date('10/03/2013','DD/MM/YYYY'),to_date('10/03/2013','DD/MM/YYYY'));*/
/*Insert into TDETEMPLEADOCARGO (CODIGO,CARGO_CODIGO,EMP_CODIGO,FECH_INGRESO,FECH_FIN,FECH_REGISTRO) values (11,16,0,to_date('10/03/2013','DD/MM/YYYY'),'',to_date('10/03/2013','DD/MM/YYYY'));*/
/*/*Insert into TDETEMPLEADOCARGO (CODIGO,CARGO_CODIGO,EMP_CODIGO,FECH_INGRESO,FECH_FIN,FECH_REGISTRO) values (12,11,2,to_date('10/03/2013','DD/MM/YYYY'),to_date('10/03/2013','DD/MM/YYYY'),to_date('10/03/2013','DD/MM/YYYY'));*/
/*Insert into TDETEMPLEADOCARGO (CODIGO,CARGO_CODIGO,EMP_CODIGO,FECH_INGRESO,FECH_FIN,FECH_REGISTRO) values (13,14,2,to_date('10/03/2013','DD/MM/YYYY'),to_date('10/03/2013','DD/MM/YYYY'),to_date('10/03/2013','DD/MM/YYYY'));*/
/*Insert into TDETEMPLEADOCARGO (CODIGO,CARGO_CODIGO,EMP_CODIGO,FECH_INGRESO,FECH_FIN,FECH_REGISTRO) values (14,15,2,to_date('10/03/2013','DD/MM/YYYY'),to_date('10/03/2013','DD/MM/YYYY'),to_date('10/03/2013','DD/MM/YYYY'));*/
/*Insert into TDETEMPLEADOCARGO (CODIGO,CARGO_CODIGO,EMP_CODIGO,FECH_INGRESO,FECH_FIN,FECH_REGISTRO) values (15,15,3,to_date('10/03/2013','DD/MM/YYYY'),'',to_date('10/03/2013','DD/MM/YYYY'));*/

/*Insert into TFESTIVO (CODIGO,FECHA) values ('10',to_date('03/06/18','DD/MM/RR'));*/
/*Insert into TFESTIVO (CODIGO,FECHA) values ('12',to_date('04/06/18','DD/MM/RR'));*/
/*Insert into TFESTIVO (CODIGO,FECHA) values ('13',to_date('10/06/18','DD/MM/RR'));*/
/*Insert into TFESTIVO (CODIGO,FECHA) values ('14',to_date('11/06/18','DD/MM/RR'));*/
/*Insert into TFESTIVO (CODIGO,FECHA) values ('15',to_date('17/06/18','DD/MM/RR'));*/
/*Insert into TFESTIVO (CODIGO,FECHA) values ('16',to_date('24/06/18','DD/MM/RR'));*/